Approach,Type,Mean_Success_Rate,Std_Success_Rate,Mean_Cache_Hit_Rate,Std_Cache_Hit_Rate,Mean_Energy_Efficiency,Std_Energy_Efficiency,Mean_Dropped_Tasks,Std_Dropped_Tasks,Num_Trials
Load-Balanced,Baseline,40.2970932313129,0.8344902060808472,9.944805001807541,1.0084782430637143,0.01273897330225842,0.0001303333402473553,309.0,31.0,2
Random-Split,Baseline,37.447816826655625,1.6992877081268851,8.7540986262051,0.4865626750488188,0.012304475933417675,0.000949987717112283,319.0,13.0,2
Nuclear-SAGIN-Agent,Baseline,36.47564327920782,0.09727116992156226,8.448056139845558,0.41404335353670074,0.01157773496705885,5.80533636614141e-05,253.6,2.0999999999999943,2
Greedy-All,Baseline,36.1671055204836,1.3973022765057017,7.906802940609316,0.45752354441227894,0.011723042511196557,9.886588382711052e-05,321.5,20.5,2
Fairness-Aware,Baseline,35.62153651988928,0.44583374758789773,7.128779918493796,0.26922911804533944,0.012282908993759035,0.00015479210526772504,344.5,0.5,2
